Toby Roberts,https://www.8a.nu/user/toby-roberts-e1619
Anze Peharc,https://www.8a.nu/user/ane-peharc
Hannes Van Duysen,https://www.8a.nu/user/hannes-van-duysen
Jakob Schubert,https://www.8a.nu/user/jakob-schubert
Mejdi Schalck,https://www.8a.nu/user/mejdi-schalck
Adam Ondra,https://www.8a.nu/user/adam-ondra
Paul Jenft,https://www.8a.nu/user/jenft-paul
Colin Duffy,https://www.8a.nu/user/colin-duffy
Jan-luca Posch,https://www.8a.nu/user/jan-luca-posch-bpzmx
Yannick Flohé,https://www.8a.nu/user/yannick-flohe
Adam Shahar,https://www.8a.nu/user/adam-shahar-cy26t
Alberto Ginés López,https://www.8a.nu/user/alberto-gines-lopez-76th7
Oscar Baudrand,https://www.8a.nu/user/oscar-baudrand
Samuel Richard,https://www.8a.nu/user/samuel-richard
Nicolai Uznik,https://www.8a.nu/user/nicolai-uznik-mv2g2
Sascha Lehmann,https://www.8a.nu/user/sascha-lehmann
Elias Arriagada Krüger,https://www.8a.nu/user/elias-arriagada-krueger
Nikolay Rusev,https://www.8a.nu/user/niki-rusev
Gregor Vezonik,https://www.8a.nu/user/gregor-vezonik
Nicolas Collin,https://www.8a.nu/user/nicholas-collins
Alexander Megos,https://www.8a.nu/user/alex-megos
Filip Schenk,https://www.8a.nu/user/filip-schenk
Charles Barron,https://www.8a.nu/user/charlie-barron
Julien Clémence,https://www.8a.nu/user/julien-clemence
Max Kleesattel,https://www.8a.nu/user/max-kleesattel
Ram Levin,https://www.8a.nu/user/ram-levin
Edvards Gruzitis,https://www.8a.nu/user/edvards-gruzitis-1ce74
Nimrod Marcus,https://www.8a.nu/user/nimrod-marcus-woz7x
Slav Kirov,https://www.8a.nu/user/slav-kirov-70682
Dylan Parks,https://www.8a.nu/user/dylan-barks
Benjamin Vargas,https://www.8a.nu/user/benjamin-vargas
Guillermo Peinado Franganillo,https://www.8a.nu/user/guillermo-f
Hugo Hoyer,https://www.8a.nu/user/hugo-hoyer
Yannick Nagel,https://www.8a.nu/user/yannick-nagel
Sam Lavender,https://www.8a.nu/user/sam-lavender-0f08e
Diego Lequerica Buscaglia,https://www.8a.nu/user/diego-lequerica-68600
Antoine Girard,https://www.8a.nu/user/antoine-girard
Christian Wagner,https://www.8a.nu/user/christian-wagner
Stefano Ghisolfi,https://www.8a.nu/user/stefano-ghisolfi-iixzv
Jonas Utelli,https://www.8a.nu/user/jonas-utelli
Stefan Scherz,https://www.8a.nu/user/stefan-scherz
Zan Lovenjak Sudar,https://www.8a.nu/user/zan-lovenjak-sudar
Hannes Puman,https://www.8a.nu/user/hannes-puman
Lasse Von Freier,https://www.8a.nu/user/lasse-von-freier
Martin Bergant,https://www.8a.nu/user/martin-bergant-44211
Raffael Gruber,https://www.8a.nu/user/raffael-gruber
Martin Stranik,https://www.8a.nu/user/martin-stranik-8347
Timo Uznik,https://www.8a.nu/user/timo-uznik
Rodrigo Iasi Hanada,https://www.8a.nu/user/rodrigo-iasi-hanada-955g3
Paul Brand,https://www.8a.nu/user/paul-brand
Lukas Mokrolusky,https://www.8a.nu/user/lukas-mokrolusky
Nathan Martin,https://www.8a.nu/user/nathan-ma-7290a
Marley Farquharson,https://www.8a.nu/user/marley-farquharson
Adrien Lemaire,https://www.8a.nu/user/adrien-lemaire
Yuval Shemla,https://www.8a.nu/user/yuval-shamla
Alex Khazanov,https://www.8a.nu/user/alex-khazanov
Pietro Vidi,https://www.8a.nu/user/pietro-vidi-tz236
Iman Arezeh,https://www.8a.nu/user/iman-arezeh
Dylan Smith,https://www.8a.nu/user/dylan-smith-1866
Michael O'neill,https://www.8a.nu/user/michael-oneill
Max Thomas,https://www.8a.nu/user/max-thomas
Jack Burningham,https://www.8a.nu/user/jack-burningham-b5bcv
Ian Tan,https://www.8a.nu/user/brian-tan
Marcello Bombardi,https://www.8a.nu/user/marcello-bombardi
Giorgio Tomatis,https://www.8a.nu/user/giorgio-tomatis
Lucas Trandafir,https://www.8a.nu/user/lucas-trandafir
Ned Middlehurst,https://www.8a.nu/user/ned-m
Tomer Yakobovitch,https://www.8a.nu/user/tomer-yak
Zach Galla,https://www.8a.nu/user/zach-galla
James Pope,https://www.8a.nu/user/james-pope
Ilja Auersperg,https://www.8a.nu/user/ilja-auersperg
Christopher Cosser,https://www.8a.nu/user/christopher-cosser
Felipe Ho Foganholo,https://www.8a.nu/user/felipe-ho-foganholo
Peter Kuric,https://www.8a.nu/user/peter-kuric
Pietro Biagini,https://www.8a.nu/user/pietro-biagini
Leonardo Magallanes Tejada,https://www.8a.nu/user/leonardo-magallanes
Jonas Körner,https://www.8a.nu/user/jonas-kornerup-jensen
Hossein Familrohani,https://www.8a.nu/user/hossein-familrohani
Auswin Aueareechit,https://www.8a.nu/user/auswin-aueareechit
Nathan Sato,https://www.8a.nu/user/nathan-sato
Vin Sukapanpotharam,https://www.8a.nu/user/vin-sukapanpotharam
Julian Wimmer,https://www.8a.nu/user/julian-wimmer
Victor Baudrand,https://www.8a.nu/user/victor-baudrand
Tim Würthner,https://www.8a.nu/user/tim-wuerthner
Jan Stipek,https://www.8a.nu/user/jan-stipek-x5igt
William Flores,https://www.8a.nu/user/william-flores
Yago Gancedo,https://www.8a.nu/user/yago-gancedo-1f03f
Rolands Rugens,https://www.8a.nu/user/rolands-rugens
Albin Meyer,https://www.8a.nu/user/albin-meyer-86753
Suraj Singh,https://www.8a.nu/user/suraj-singh
Filip Matejička,https://www.8a.nu/user/filip-matejicka
Max Bertone,https://www.8a.nu/user/max-bertone
Nino Grünenfelder,https://www.8a.nu/user/nino-gruenenfelder-69185
Ties Vancraeynest,https://www.8a.nu/user/ties-vancraeynest
Philipp Martin,https://www.8a.nu/user/philippe-martin-6a967
Christoph Hanke,https://www.8a.nu/user/christoph-anxmy
Jules Marchaland,https://www.8a.nu/user/jules-marchaland
Jordi Poles,https://www.8a.nu/user/jordi-poles-1k13b
Ross Fulkerson,https://www.8a.nu/user/ross-fulkerson
Arsène Duval,https://www.8a.nu/user/arsene-duval
Jimi Smyrk,https://www.8a.nu/user/jimi-s
Dimitri Flick,https://www.8a.nu/user/dimitri-flick
Nao Monchois,https://www.8a.nu/user/nao-monchois-rfa29
Davide Marco Colombo,https://www.8a.nu/user/davide-marco-colombo
Leyroy Harley,https://www.8a.nu/user/leyroy-harley-fdf78
Lovro Crep,https://www.8a.nu/user/lovro-crep
Milan Preskar,https://www.8a.nu/user/milan-preskar
Rhys Conlon,https://www.8a.nu/user/rhys-conlon
Johannes Hofherr,https://www.8a.nu/user/johannes-hofherr
Maël Grenier,https://www.8a.nu/user/mael-grenier
Elliot Eriksson,https://www.8a.nu/user/elliot-eriksson
Renan Denardo,https://www.8a.nu/user/renan-denardo
Mel Janse Van Rensburg,https://www.8a.nu/user/mel-janse-van-rensburg
Hugo Parmentier,https://www.8a.nu/user/hugo-parmentier
Ege Duman,https://www.8a.nu/user/ege-duman-po43o
Allen Lactaoen,https://www.8a.nu/user/allen-lactaoen
Stanley Au,https://www.8a.nu/user/stanley-hunter
Mark Brand,https://www.8a.nu/user/mark-brand-34055
Eliáš Kysela,https://www.8a.nu/user/elias-kysela
Illia Bakhmet-smolenskyi,https://www.8a.nu/user/illya-bakhmet-smolenskyi
Natalia Grossman,https://www.8a.nu/user/natalia-grossman-o2gfc
Oceania Mackenzie,https://www.8a.nu/user/mackenzie-s-abd2e
Mao Nakamura,https://www.8a.nu/user/mao-n-360f9
Brooke Raboutou,https://www.8a.nu/user/brooke-raboutou
Camilla Moroni,https://www.8a.nu/user/camilla-moroni
Oriane Bertone,https://www.8a.nu/user/oriane-bertone-5nw5o
Agathe Calliet,https://www.8a.nu/user/agathe-calliet
Jessica Pilz,https://www.8a.nu/user/jessica-pilz
Lucia Dörffel,https://www.8a.nu/user/lucia-doerffel
Chloe Caulier,https://www.8a.nu/user/chloe-caulier
Fanny Gibert,https://www.8a.nu/user/fanny-gibert
Alma Bestvater,https://www.8a.nu/user/alma-bestvater
Afra Hönig,https://www.8a.nu/user/afra-hoenig
Sofya Yokoyama,https://www.8a.nu/user/sofya-yokoyama
Lucija Tarkus,https://www.8a.nu/user/lucija-tarkus
Ai Mori,https://www.8a.nu/user/ai-mori
Laura Rogora,https://www.8a.nu/user/laura-rogora-26514
Stasa Gejo,https://www.8a.nu/user/stasa-gejo
Mia Krampl,https://www.8a.nu/user/mia-krampl
Franziska Sterrer,https://www.8a.nu/user/ziska-su
Kylie Cullen,https://www.8a.nu/user/kylie-cullen
Giorgia Tesio,https://www.8a.nu/user/giorgia-tesio-f
Molly Thompson-smith,https://www.8a.nu/user/molly-thompson-smith
Andrea Kümin,https://www.8a.nu/user/andrea-kuemin
Manon Hily,https://www.8a.nu/user/manon-hily
Michaela Smetanova,https://www.8a.nu/user/michaela-smetanova
Vita Lukan,https://www.8a.nu/user/vita-lukan
Lucile Saurel,https://www.8a.nu/user/lucile-saurel
Lisa Klem,https://www.8a.nu/user/lisa-klem
Amber Schiffeleers,https://www.8a.nu/user/amber-schiffeleers
Helen Gillett,https://www.8a.nu/user/helen-gillett
Lea Kempf,https://www.8a.nu/user/lea-kempf
Alejandra Contreras,https://www.8a.nu/user/alejandra-contreras
Alannah Yip,https://www.8a.nu/user/alannah-yip
Ingrid Kindlihagen,https://www.8a.nu/user/ingrid-kindlihagen-71248
Zoe Peetermans,https://www.8a.nu/user/zoe-peetermans
Julija Kruder,https://www.8a.nu/user/julija-kruder
Noa Shiran,https://www.8a.nu/user/noa-shiran
Lianet Castillo,https://www.8a.nu/user/lianet-castillo
Sol Sa,https://www.8a.nu/user/sol-sa
Ema Galeova,https://www.8a.nu/user/ema-galeova
Analise Van Hoang,https://www.8a.nu/user/analise-van-hoang
Yali Wei,https://www.8a.nu/user/lei-wei
Marian Kiara Luna Micheri,https://www.8a.nu/user/marian-kreyer
Aleksandra Totkova,https://www.8a.nu/user/aleksandra-b
Margarita Agambayeva,https://www.8a.nu/user/marga-rita
Tegwen Oates,https://www.8a.nu/user/tegwen-oates
Svana Bjarnason,https://www.8a.nu/user/svana-bjarnason-b606c
Iziar Martínez Almendros,https://www.8a.nu/user/iziar-martinez
Pernille Tvedt,https://www.8a.nu/user/pernille-s-1bc25
Lynn Van Der Meer,https://www.8a.nu/user/lynn-van-der-meer
Sunniva Eik Haave,https://www.8a.nu/user/sunniva-haave
Anna Bolius,https://www.8a.nu/user/anna-bolius
Marketa Janosova,https://www.8a.nu/user/marketa-janosova
Roxy Perry,https://www.8a.nu/user/roxy-perry-11c1b
Katharina Bergmann,https://www.8a.nu/user/katharina-s
Mattea Pötzi,https://www.8a.nu/user/mattea-poetzi
Camille Pouget,https://www.8a.nu/user/camille-pouget
Julia Fiser,https://www.8a.nu/user/julia-fiser
Ina Plassoux Djiga,https://www.8a.nu/user/ina-plassoux-djiga
Lana Skusek,https://www.8a.nu/user/lana-skusek
Eva Maria Hammelmüller,https://www.8a.nu/user/eva-maria
Olivia Ma,https://www.8a.nu/user/olivia-ma
Ilaria Scolaris,https://www.8a.nu/user/ilaria-s
Martina Demmel,https://www.8a.nu/user/martina-demmel
Ai Takeuchi,https://www.8a.nu/user/mai-takeuchi-8a777
Melina Costanza,https://www.8a.nu/user/melina-costanza-7pvyo
Claudia Ghisolfi,https://www.8a.nu/user/claudia-ghisolfi
Noé Looser,https://www.8a.nu/user/noe-looser
Tereza Siruckova,https://www.8a.nu/user/tereza-siruckova
Nika Potapova,https://www.8a.nu/user/nika-potapova
Kintana Iltis,https://www.8a.nu/user/kintana-iltis
Lana Goric,https://www.8a.nu/user/gori-c-a7fc8
Lucie Watillon,https://www.8a.nu/user/lucie-watillon
Victoria Ysrael,https://www.8a.nu/user/victoria-h-94649
Olivia Ogier,https://www.8a.nu/user/olivia-ogier-nu9vm
María Fernanda González Rámirez,https://www.8a.nu/user/fernanda-gonzalez
Hei Kiu Heidi Wong,https://www.8a.nu/user/heidi-wong-6a8f9
Quinn Mason,https://www.8a.nu/user/quinn-mason
Danai Valsamidi,https://www.8a.nu/user/danai-valsamidi
